{"cameraMode":{"drawMode":0,"name":"Shaded","section":"Shading Mode"},"sceneLighting":false,"audioPlay":false,"sceneViewState":{"showFog":true,"showMaterialUpdate":false,"showSkybox":true,"showFlares":true,"showImageEffects":true,"showParticleSystems":true},"in2DMode":false,"pivot":{"x":-0.10461081564426422,"y":6.335530757904053,"z":21.843225479125978},"rotation":{"x":0.1483776569366455,"y":-0.7355448603630066,"z":0.1709185093641281,"w":0.6385489106178284},"size":2.8578836917877199,"orthographic":false}